Project Name,Package Name,Type Name,MethodName,LOC,CC,PC
baralga,org.remast.baralga.repository,ActivityVO,ActivityVO,3,1,3
baralga,org.remast.baralga.repository,ActivityVO,ActivityVO,7,1,5
baralga,org.remast.baralga.repository,ActivityVO,getId,3,1,0
baralga,org.remast.baralga.repository,ActivityVO,setId,3,1,1
baralga,org.remast.baralga.repository,ActivityVO,getStart,3,1,0
baralga,org.remast.baralga.repository,ActivityVO,setStart,3,1,1
baralga,org.remast.baralga.repository,ActivityVO,getEnd,3,1,0
baralga,org.remast.baralga.repository,ActivityVO,setEnd,3,1,1
baralga,org.remast.baralga.repository,ActivityVO,getDescription,3,1,0
baralga,org.remast.baralga.repository,ActivityVO,setDescription,3,1,1
baralga,org.remast.baralga.repository,ActivityVO,getProject,3,1,0
baralga,org.remast.baralga.repository,ActivityVO,setProject,3,1,1
baralga,org.remast.baralga.repository,ServerNotAvailableException,ServerNotAvailableException,4,1,1
baralga,org.remast.baralga.repository,ServerNotAvailableException,getBaseUrl,3,1,0
baralga,org.remast.baralga.repository,UnauthorizedException,UnauthorizedException,4,1,1
baralga,org.remast.baralga.repository,UnauthorizedException,getUser,3,1,0
baralga,org.remast.baralga.repository,ProjectVO,ProjectVO,6,1,4
baralga,org.remast.baralga.repository,ProjectVO,getId,3,1,0
baralga,org.remast.baralga.repository,ProjectVO,setId,3,1,1
baralga,org.remast.baralga.repository,ProjectVO,getTitle,3,1,0
baralga,org.remast.baralga.repository,ProjectVO,setTitle,3,1,1
baralga,org.remast.baralga.repository,ProjectVO,getDescription,3,1,0
baralga,org.remast.baralga.repository,ProjectVO,setDescription,3,1,1
baralga,org.remast.baralga.repository,ProjectVO,isActive,3,1,0
baralga,org.remast.baralga.repository,ProjectVO,setActive,3,1,1
baralga,org.remast.baralga.repository,BaralgaRepository,close,0,1,0
baralga,org.remast.baralga.repository,BaralgaRepository,initialize,0,1,0
baralga,org.remast.baralga.repository,BaralgaRepository,gatherStatistics,0,1,0
baralga,org.remast.baralga.repository,BaralgaRepository,clearData,0,1,0
baralga,org.remast.baralga.repository,ProjectRepository,addProject,0,1,1
baralga,org.remast.baralga.repository,ProjectRepository,remove,0,1,1
baralga,org.remast.baralga.repository,ProjectRepository,getAllProjects,0,1,0
baralga,org.remast.baralga.repository,ProjectRepository,addProjects,0,1,1
baralga,org.remast.baralga.repository,ProjectRepository,updateProject,0,1,1
baralga,org.remast.baralga.repository,ProjectRepository,findProjectById,0,1,1
baralga,org.remast.baralga.repository,ProjectRepository,isProjectAdministrationAllowed,0,1,0
baralga,org.remast.baralga.repository,ActivityRepository,getActivities,0,1,0
baralga,org.remast.baralga.repository,ActivityRepository,addActivity,0,1,1
baralga,org.remast.baralga.repository,ActivityRepository,removeActivity,0,1,1
baralga,org.remast.baralga.repository,ActivityRepository,addActivities,0,1,1
baralga,org.remast.baralga.repository,ActivityRepository,removeActivities,0,1,1
baralga,org.remast.baralga.repository,ActivityRepository,updateActivity,0,1,1
baralga,org.remast.baralga.repository,ActivityRepository,getActivities,0,1,1
baralga,org.remast.baralga.repository,FilterVO,getTimeInterval,3,1,0
baralga,org.remast.baralga.repository,FilterVO,setTimeInterval,3,1,1
baralga,org.remast.baralga.repository,BaralgaRestRepositoryTest,setup,6,1,0
baralga,org.remast.baralga.repository,BaralgaRestRepositoryTest,getAllProjects,12,1,0
baralga,org.remast.baralga.repository,BaralgaRestRepositoryTest,findProjectById,11,1,0
baralga,org.remast.baralga.repository,BaralgaRestRepositoryTest,getActivities,11,1,0
baralga,org.remast.baralga.repository,GzipInterceptor,intercept,11,2,1
baralga,org.remast.baralga.repository,GzipInterceptor,unzip,10,2,1
baralga,org.remast.baralga.repository,GzipInterceptor,isGzipped,3,1,1
baralga,org.remast.baralga.repository,BaralgaRestRepository,BaralgaRestRepository,5,1,3
baralga,org.remast.baralga.repository,BaralgaRestRepository,close,3,1,0
baralga,org.remast.baralga.repository,BaralgaRestRepository,initialize,8,1,0
baralga,org.remast.baralga.repository,BaralgaRestRepository,verifyLogin,9,1,0
baralga,org.remast.baralga.repository,BaralgaRestRepository,gatherStatistics,2,1,0
baralga,org.remast.baralga.repository,BaralgaRestRepository,clearData,2,1,0
baralga,org.remast.baralga.repository,BaralgaRestRepository,getActivities,3,1,0
baralga,org.remast.baralga.repository,BaralgaRestRepository,addActivity,16,1,1
baralga,org.remast.baralga.repository,BaralgaRestRepository,removeActivity,6,1,1
baralga,org.remast.baralga.repository,BaralgaRestRepository,addActivities,3,1,1
baralga,org.remast.baralga.repository,BaralgaRestRepository,removeActivities,3,1,1
baralga,org.remast.baralga.repository,BaralgaRestRepository,updateActivity,7,1,1
baralga,org.remast.baralga.repository,BaralgaRestRepository,getActivities,33,5,1
baralga,org.remast.baralga.repository,BaralgaRestRepository,addProject,14,1,1
baralga,org.remast.baralga.repository,BaralgaRestRepository,remove,6,1,1
baralga,org.remast.baralga.repository,BaralgaRestRepository,getAllProjects,3,1,0
baralga,org.remast.baralga.repository,BaralgaRestRepository,isProjectAdministrationAllowed,13,1,0
baralga,org.remast.baralga.repository,BaralgaRestRepository,getProjects,25,4,2
baralga,org.remast.baralga.repository,BaralgaRestRepository,findProjectById,17,2,1
baralga,org.remast.baralga.repository,BaralgaRestRepository,addProjects,3,1,1
baralga,org.remast.baralga.repository,BaralgaRestRepository,updateProject,7,1,1
baralga,org.remast.baralga.repository,BaralgaRestRepository,createActivity,13,1,1
baralga,org.remast.baralga.repository,BaralgaRestRepository,createProject,7,1,1
baralga,org.remast.baralga.repository,BaralgaRestRepository,readActivity,3,1,1
baralga,org.remast.baralga.repository,BaralgaRestRepository,readProject,3,1,1
baralga,org.remast.baralga.repository,BaralgaRestRepository,login,7,1,0
baralga,org.remast.baralga.repository,BaralgaRestRepository,writeValueAsJsonString,8,1,1
baralga,org.remast.baralga.repository,BaralgaRestRepository,readTreeFromJsonString,8,1,1
baralga,org.remast.baralga.repository,BaralgaRestRepository,execute,26,5,2
baralga,org.remast.baralga.repository,BaralgaRestRepository,activitiesUrl,3,1,0
baralga,org.remast.baralga.repository,BaralgaRestRepository,projectsUrl,3,1,0
baralga,org.remast.baralga.repository,BaralgaRestRepository,baseUrl,3,1,0
baralga,org.remast.util,DateUtilsTest,startOfQuarter,8,1,0
baralga,org.remast.util,DateUtilsTest,dateOf,3,1,1
baralga,org.remast.util,StringUtilsTest,stripXmlTags,13,1,0
baralga,org.remast.util,StringUtils,stripXmlTags,9,2,1
baralga,org.remast.util,DateUtils,getNow,3,1,0
baralga,org.remast.util,DateUtils,getNowAsDateTime,4,1,0
baralga,org.remast.util,DateUtils,adjustToSameDay,7,2,3
baralga,org.remast.util,DateUtils,isBeforeOrEqual,3,1,2
baralga,org.remast.util,DateUtils,quarterStartFor,3,1,1
baralga,org.remast.util,TextResourceBundle,TextResourceBundle,17,3,1
baralga,org.remast.util,TextResourceBundle,getBundle,6,2,1
baralga,org.remast.util,TextResourceBundle,textFor,12,2,1
baralga,org.remast.util,TextResourceBundle,textFor,3,1,2
baralga,org.remast.text,SmartTimeFormatTest,parseToHourAndMinutesNormal,5,1,0
baralga,org.remast.text,SmartTimeFormatTest,parseToHourAndMinutesWithHoursOnly,5,1,0
baralga,org.remast.text,SmartTimeFormatTest,parseToHourAndMinutesWithDecimalMinutes,5,1,0
baralga,org.remast.text,SmartTimeFormatTest,parseToHourAndMinutesWithDecimalMinutesShort,5,1,0
baralga,org.remast.text,DurationFormatTest,before,3,1,0
baralga,org.remast.text,DurationFormatTest,formatDurationInHoursAndMinutes,15,1,0
baralga,org.remast.text,DurationFormatTest,after,3,1,0
baralga,org.remast.text,TimeFormat,parseTime,3,1,1
baralga,org.remast.text,TimeFormat,format,5,1,3
baralga,org.remast.text,TimeFormat,parse,5,1,2
baralga,org.remast.text,SmartTimeFormat,parse,9,2,2
baralga,org.remast.text,SmartTimeFormat,parseToHourAndMinutes,19,4,1
baralga,org.remast.text,SmartTimeFormat,normalize,35,6,1
baralga,org.remast.text,DurationFormat,format,9,2,3
baralga,org.remast.text,DurationFormat,format,3,1,3
baralga,org.remast.text,DurationFormat,parse,3,1,2
baralga,org.remast.text,DurationFormat,displayAsHoursAndMinutes,3,1,0
baralga,org.remast.text,DurationFormat,formatAsHoursAndMinutes,5,1,1
baralga,org.remast.baralga.repository.file,BaralgaFileRepositoryTest,beforeEach,3,1,0
baralga,org.remast.baralga.repository.file,BaralgaFileRepositoryTest,updateDatabase,3,1,0
baralga,org.remast.baralga.repository.file,BaralgaFileRepositoryTest,addProject,6,1,0
baralga,org.remast.baralga.repository.file,BaralgaFileRepository,initialize,10,1,0
baralga,org.remast.baralga.repository.file,BaralgaFileRepository,init,5,1,1
baralga,org.remast.baralga.repository.file,BaralgaFileRepository,close,10,2,0
baralga,org.remast.baralga.repository.file,BaralgaFileRepository,updateDatabase,35,6,0
baralga,org.remast.baralga.repository.file,BaralgaFileRepository,executeScript,9,2,1
baralga,org.remast.baralga.repository.file,BaralgaFileRepository,prepare,3,1,1
baralga,org.remast.baralga.repository.file,BaralgaFileRepository,remove,18,2,1
baralga,org.remast.baralga.repository.file,BaralgaFileRepository,addProject,20,2,1
baralga,org.remast.baralga.repository.file,BaralgaFileRepository,getAllProjects,16,2,0
baralga,org.remast.baralga.repository.file,BaralgaFileRepository,getActivities,3,1,0
baralga,org.remast.baralga.repository.file,BaralgaFileRepository,addActivity,23,2,1
baralga,org.remast.baralga.repository.file,BaralgaFileRepository,removeActivity,13,2,1
baralga,org.remast.baralga.repository.file,BaralgaFileRepository,addProjects,8,3,1
baralga,org.remast.baralga.repository.file,BaralgaFileRepository,addActivities,9,3,1
baralga,org.remast.baralga.repository.file,BaralgaFileRepository,removeActivities,8,3,1
baralga,org.remast.baralga.repository.file,BaralgaFileRepository,updateProject,17,2,1
baralga,org.remast.baralga.repository.file,BaralgaFileRepository,updateActivity,20,2,1
baralga,org.remast.baralga.repository.file,BaralgaFileRepository,findProjectById,19,3,1
baralga,org.remast.baralga.repository.file,BaralgaFileRepository,isProjectAdministrationAllowed,3,1,0
baralga,org.remast.baralga.repository.file,BaralgaFileRepository,getActivities,29,4,1
baralga,org.remast.baralga.repository.file,BaralgaFileRepository,gatherStatistics,36,6,0
baralga,org.remast.baralga.repository.file,BaralgaFileRepository,clearData,12,1,0
baralga,org.remast.baralga.gui.settings,ApplicationSettingsTest,before,5,1,0
baralga,org.remast.baralga.gui.settings,ApplicationSettingsTest,defaultValues,6,1,0
baralga,org.remast.baralga.gui.settings,ApplicationSettingsTest,getBackendURLFromProps,9,1,0
baralga,org.remast.baralga.gui.settings,ApplicationSettingsTest,getUserModeFromSystemProperty,9,1,0
baralga,org.remast.baralga.gui.settings,UserSettingsTest,getEmptyUser,7,1,0
baralga,org.remast.baralga.gui.settings,UserSettingsTest,getUserFromProps,9,1,0
baralga,org.remast.baralga.gui.settings,UserSettingsTest,getPasswordFromProps,9,1,0
baralga,org.remast.baralga.gui.settings,ApplicationSettings,instance,6,2,0
baralga,org.remast.baralga.gui.settings,ApplicationSettings,ApplicationSettings,29,5,0
baralga,org.remast.baralga.gui.settings,ApplicationSettings,setApplicationConfig,3,1,1
baralga,org.remast.baralga.gui.settings,ApplicationSettings,isStoreDataInApplicationDirectory,3,1,0
baralga,org.remast.baralga.gui.settings,ApplicationSettings,isMultiUserMode,10,2,0
baralga,org.remast.baralga.gui.settings,ApplicationSettings,getBackendURL,3,1,0
baralga,org.remast.baralga.gui.settings,ApplicationSettings,getApplicationDataDirectory,8,2,0
baralga,org.remast.baralga.gui.settings,UserSettings,getDataFileLocation,3,1,0
baralga,org.remast.baralga.gui.settings,UserSettings,instance,3,1,0
baralga,org.remast.baralga.gui.settings,UserSettings,UserSettings,12,2,0
baralga,org.remast.baralga.gui.settings,UserSettings,getLockFileLocation,3,1,0
baralga,org.remast.baralga.gui.settings,UserSettings,getLastExcelExportLocation,3,1,0
baralga,org.remast.baralga.gui.settings,UserSettings,setLastExcelExportLocation,4,1,1
baralga,org.remast.baralga.gui.settings,UserSettings,getLastDataExportLocation,3,1,0
baralga,org.remast.baralga.gui.settings,UserSettings,setLastDataExportLocation,4,1,1
baralga,org.remast.baralga.gui.settings,UserSettings,getLastCsvExportLocation,3,1,0
baralga,org.remast.baralga.gui.settings,UserSettings,setLastCsvExportLocation,4,1,1
baralga,org.remast.baralga.gui.settings,UserSettings,getLastICalExportLocation,3,1,0
baralga,org.remast.baralga.gui.settings,UserSettings,setLastICalExportLocation,4,1,1
baralga,org.remast.baralga.gui.settings,UserSettings,getLastDescription,3,1,0
baralga,org.remast.baralga.gui.settings,UserSettings,setLastDescription,4,1,1
baralga,org.remast.baralga.gui.settings,UserSettings,isActive,3,1,0
baralga,org.remast.baralga.gui.settings,UserSettings,setActive,4,1,1
baralga,org.remast.baralga.gui.settings,UserSettings,getActiveProjectId,3,1,0
baralga,org.remast.baralga.gui.settings,UserSettings,setActiveProjectId,4,1,1
baralga,org.remast.baralga.gui.settings,UserSettings,getStart,3,1,0
baralga,org.remast.baralga.gui.settings,UserSettings,setStart,9,2,1
baralga,org.remast.baralga.gui.settings,UserSettings,setFilterSelectedSpanType,4,1,1
baralga,org.remast.baralga.gui.settings,UserSettings,getFilterSelectedSpanType,7,2,0
baralga,org.remast.baralga.gui.settings,UserSettings,getFilterSelectedProjectId,3,1,0
baralga,org.remast.baralga.gui.settings,UserSettings,setFilterSelectedProjectId,4,1,1
baralga,org.remast.baralga.gui.settings,UserSettings,restoreFromSettings,9,2,0
baralga,org.remast.baralga.gui.settings,UserSettings,getShownCategory,3,1,0
baralga,org.remast.baralga.gui.settings,UserSettings,setShownCategory,4,1,1
baralga,org.remast.baralga.gui.settings,UserSettings,isRememberWindowSizeLocation,3,1,0
baralga,org.remast.baralga.gui.settings,UserSettings,setRememberWindowSizeLocation,4,1,1
baralga,org.remast.baralga.gui.settings,UserSettings,isShowStopwatch,3,1,0
baralga,org.remast.baralga.gui.settings,UserSettings,setShowStopwatch,4,1,1
baralga,org.remast.baralga.gui.settings,UserSettings,getWindowSize,6,1,0
baralga,org.remast.baralga.gui.settings,UserSettings,setWindowSize,5,1,1
baralga,org.remast.baralga.gui.settings,UserSettings,getWindowLocation,6,1,0
baralga,org.remast.baralga.gui.settings,UserSettings,setWindowLocation,5,1,1
baralga,org.remast.baralga.gui.settings,UserSettings,getStopwatchWindowSize,6,1,0
baralga,org.remast.baralga.gui.settings,UserSettings,setStopwatchWindowSize,5,1,1
baralga,org.remast.baralga.gui.settings,UserSettings,getStopwatchWindowLocation,6,1,0
baralga,org.remast.baralga.gui.settings,UserSettings,setStopwatchWindowLocation,5,1,1
baralga,org.remast.baralga.gui.settings,UserSettings,getDurationFormat,3,1,0
baralga,org.remast.baralga.gui.settings,UserSettings,setDurationFormat,4,1,1
baralga,org.remast.baralga.gui.settings,UserSettings,getUser,3,1,0
baralga,org.remast.baralga.gui.settings,UserSettings,getPassword,4,1,0
baralga,org.remast.baralga.gui.settings,UserSettings,setCredentials,5,1,2
baralga,org.remast.baralga.gui.settings,UserSettings,setUserConfig,3,1,1
baralga,org.remast.baralga.gui.settings,UserSettings,reset,4,1,0
baralga,org.remast.baralga.gui.settings,UserSettings,doGetString,9,1,2
baralga,org.remast.baralga.gui.settings,UserSettings,doGetLong,10,1,2
baralga,org.remast.baralga.gui.settings,UserSettings,doGetBoolean,9,1,2
baralga,org.remast.baralga.gui.settings,UserSettings,doGetDate,21,4,2
baralga,org.remast.baralga.gui.settings,UserSettings,save,8,1,0
baralga,org.remast.baralga.gui.settings,UserSettings,getInactivityThreshold,3,1,0
baralga,org.remast.baralga.gui.model,PresentationModelTest,testAcitivityOverMidnight,2,1,0
baralga,org.remast.baralga.gui.model,PresentationModel,getEventBus,3,1,0
baralga,org.remast.baralga.gui.model,PresentationModel,PresentationModel,5,1,0
baralga,org.remast.baralga.gui.model,PresentationModel,initialize,36,7,0
baralga,org.remast.baralga.gui.model,PresentationModel,applyFilter,5,1,0
baralga,org.remast.baralga.gui.model,PresentationModel,addProject,9,1,2
baralga,org.remast.baralga.gui.model,PresentationModel,removeProject,17,3,2
baralga,org.remast.baralga.gui.model,PresentationModel,isProjectDeletionConfirmed,8,1,1
baralga,org.remast.baralga.gui.model,PresentationModel,start,20,4,1
baralga,org.remast.baralga.gui.model,PresentationModel,start,3,1,0
baralga,org.remast.baralga.gui.model,PresentationModel,notify,4,1,1
baralga,org.remast.baralga.gui.model,PresentationModel,fireProjectChangedEvent,26,6,2
baralga,org.remast.baralga.gui.model,PresentationModel,fireProjectActivityChangedEvent,18,4,2
baralga,org.remast.baralga.gui.model,PresentationModel,stop,3,1,0
baralga,org.remast.baralga.gui.model,PresentationModel,stop,4,1,1
baralga,org.remast.baralga.gui.model,PresentationModel,stop,49,6,2
baralga,org.remast.baralga.gui.model,PresentationModel,changeStopWatchVisibility,4,1,0
baralga,org.remast.baralga.gui.model,PresentationModel,changeProject,32,4,1
baralga,org.remast.baralga.gui.model,PresentationModel,fireDurationFormatChanged,4,1,0
baralga,org.remast.baralga.gui.model,PresentationModel,addActivity,6,1,2
baralga,org.remast.baralga.gui.model,PresentationModel,addActivities,7,1,2
baralga,org.remast.baralga.gui.model,PresentationModel,removeActivity,6,1,2
baralga,org.remast.baralga.gui.model,PresentationModel,removeActivities,7,1,2
baralga,org.remast.baralga.gui.model,PresentationModel,getProjectList,3,1,0
baralga,org.remast.baralga.gui.model,PresentationModel,getAllProjectsList,3,1,0
baralga,org.remast.baralga.gui.model,PresentationModel,getActivitiesList,3,1,0
baralga,org.remast.baralga.gui.model,PresentationModel,getAllActivitiesList,3,1,0
baralga,org.remast.baralga.gui.model,PresentationModel,getProjectFilterList,3,1,0
baralga,org.remast.baralga.gui.model,PresentationModel,getFilteredReport,3,1,0
baralga,org.remast.baralga.gui.model,PresentationModel,getHoursByWeekReport,3,1,0
baralga,org.remast.baralga.gui.model,PresentationModel,getHoursByQuarterReport,3,1,0
baralga,org.remast.baralga.gui.model,PresentationModel,getHoursByMonthReport,3,1,0
baralga,org.remast.baralga.gui.model,PresentationModel,getHoursByDayReport,3,1,0
baralga,org.remast.baralga.gui.model,PresentationModel,getHoursByProjectReport,3,1,0
baralga,org.remast.baralga.gui.model,PresentationModel,getStart,3,1,0
baralga,org.remast.baralga.gui.model,PresentationModel,setStart,7,1,1
baralga,org.remast.baralga.gui.model,PresentationModel,getStop,3,1,0
baralga,org.remast.baralga.gui.model,PresentationModel,setStop,3,1,1
baralga,org.remast.baralga.gui.model,PresentationModel,isActive,3,1,0
baralga,org.remast.baralga.gui.model,PresentationModel,setActive,4,1,1
baralga,org.remast.baralga.gui.model,PresentationModel,getSelectedProject,3,1,0
baralga,org.remast.baralga.gui.model,PresentationModel,getDAO,3,1,0
baralga,org.remast.baralga.gui.model,PresentationModel,setDAO,3,1,1
baralga,org.remast.baralga.gui.model,PresentationModel,getFilter,3,1,0
baralga,org.remast.baralga.gui.model,PresentationModel,setFilter,10,2,2
baralga,org.remast.baralga.gui.model,PresentationModel,getDescription,3,1,0
baralga,org.remast.baralga.gui.model,PresentationModel,setDescription,3,1,1
baralga,org.remast.baralga.gui.model,PresentationModel,getEditStack,3,1,0
baralga,org.remast.baralga.gui.model,PresentationModel,importData,14,1,2
baralga,org.remast.baralga.gui.model,PresentationModel,save,3,1,0
baralga,org.remast.baralga.gui.model,PresentationModel,isProjectAdministrationAllowed,3,1,0
baralga,org.remast.baralga.gui.model,PresentationModel,addUserActivity,13,2,0
baralga,org.remast.baralga.gui.model,PresentationModel,resetUserInactivityState,4,1,0
baralga,org.remast.baralga.gui.model,ProjectActivityStateException,ProjectActivityStateException,3,1,1
baralga,org.remast.baralga.model,ProjectTest,toVO,10,1,0
baralga,org.remast.baralga.model,ProjectTest,fromVO,11,1,0
baralga,org.remast.baralga.model,ProjectActivityTest,calculateDuration,12,1,0
baralga,org.remast.baralga.model,ProjectActivityTest,startAndEndOnSameDay,15,1,0
baralga,org.remast.baralga.model,ProjectActivityTest,startNotAfterEnd,22,1,0
baralga,org.remast.baralga.model,ProjectActivityTest,testSetDay,38,1,0
baralga,org.remast.baralga.model,ProjectActivityTest,toVO,9,1,0
baralga,org.remast.baralga.model,ProjectActivityTest,fromVO,10,1,0
baralga,org.remast.baralga.model,ProjectActivity,getId,3,1,0
baralga,org.remast.baralga.model,ProjectActivity,setId,3,1,1
baralga,org.remast.baralga.model,ProjectActivity,ProjectActivity,3,1,3
baralga,org.remast.baralga.model,ProjectActivity,ProjectActivity,9,2,4
baralga,org.remast.baralga.model,ProjectActivity,ProjectActivity,7,1,1
baralga,org.remast.baralga.model,ProjectActivity,getDescription,3,1,0
baralga,org.remast.baralga.model,ProjectActivity,setDescription,6,2,1
baralga,org.remast.baralga.model,ProjectActivity,setDay,10,2,1
baralga,org.remast.baralga.model,ProjectActivity,getDay,3,1,0
baralga,org.remast.baralga.model,ProjectActivity,getEnd,3,1,0
baralga,org.remast.baralga.model,ProjectActivity,setEndTime,17,5,2
baralga,org.remast.baralga.model,ProjectActivity,getProject,3,1,0
baralga,org.remast.baralga.model,ProjectActivity,setProject,6,2,1
baralga,org.remast.baralga.model,ProjectActivity,getStart,3,1,0
baralga,org.remast.baralga.model,ProjectActivity,setStartTime,11,3,2
baralga,org.remast.baralga.model,ProjectActivity,toString,3,1,0
baralga,org.remast.baralga.model,ProjectActivity,compareTo,8,2,1
baralga,org.remast.baralga.model,ProjectActivity,toVO,3,1,0
baralga,org.remast.baralga.model,ProjectActivity,getDuration,5,1,0
baralga,org.remast.baralga.model,Project,Project,5,1,3
baralga,org.remast.baralga.model,Project,Project,6,1,1
baralga,org.remast.baralga.model,Project,getDescription,3,1,0
baralga,org.remast.baralga.model,Project,getId,3,1,0
baralga,org.remast.baralga.model,Project,setId,3,1,1
baralga,org.remast.baralga.model,Project,getTitle,3,1,0
baralga,org.remast.baralga.model,Project,setTitle,4,1,1
baralga,org.remast.baralga.model,Project,isActive,3,1,0
baralga,org.remast.baralga.model,Project,setActive,3,1,1
baralga,org.remast.baralga.model,Project,toString,3,1,0
baralga,org.remast.baralga.model,Project,equals,12,3,1
baralga,org.remast.baralga.model,Project,toVO,3,1,0
baralga,org.remast.baralga.model,Project,compareTo,6,2,1
baralga,org.remast.baralga.model,Project,hashCode,3,1,0
baralga,org.remast.baralga.model,BaralgaDAO,BaralgaDAO,3,1,1
baralga,org.remast.baralga.model,BaralgaDAO,initialize,3,1,0
baralga,org.remast.baralga.model,BaralgaDAO,close,3,1,0
baralga,org.remast.baralga.model,BaralgaDAO,remove,6,2,1
baralga,org.remast.baralga.model,BaralgaDAO,addProject,7,2,1
baralga,org.remast.baralga.model,BaralgaDAO,getAllProjects,3,1,0
baralga,org.remast.baralga.model,BaralgaDAO,isProjectAdministrationAllowed,3,1,0
baralga,org.remast.baralga.model,BaralgaDAO,getActivities,3,1,0
baralga,org.remast.baralga.model,BaralgaDAO,addActivity,7,2,1
baralga,org.remast.baralga.model,BaralgaDAO,removeActivity,6,2,1
baralga,org.remast.baralga.model,BaralgaDAO,addProjects,8,3,1
baralga,org.remast.baralga.model,BaralgaDAO,addActivities,6,2,1
baralga,org.remast.baralga.model,BaralgaDAO,removeActivities,8,3,1
baralga,org.remast.baralga.model,BaralgaDAO,updateProject,6,2,1
baralga,org.remast.baralga.model,BaralgaDAO,updateActivity,6,2,1
baralga,org.remast.baralga.model,BaralgaDAO,findProjectById,10,3,1
baralga,org.remast.baralga.model,BaralgaDAO,getActivities,4,1,1
baralga,org.remast.baralga.model,BaralgaDAO,gatherStatistics,3,1,0
baralga,org.remast.baralga.model,BaralgaDAO,clearData,3,1,0
baralga,org.remast.baralga.model.filter,FilterTest,before,3,1,0
baralga,org.remast.baralga.model.filter,FilterTest,toVO,5,1,0
baralga,org.remast.baralga.model.filter,FilterTest,initTimeIntervalWithQuarter,8,1,0
baralga,org.remast.baralga.model.filter,FilterTest,makeToolTipTextWithNullFilter,4,1,0
baralga,org.remast.baralga.model.filter,FilterTest,makeToolTipTextForQuarter,8,1,0
baralga,org.remast.baralga.model.filter,FilterTest,makeToolTipTextForDay,8,1,0
baralga,org.remast.baralga.model.filter,FilterTest,dateOf,3,1,1
baralga,org.remast.baralga.model.filter,FilterUtils,makeIntervalString,25,7,1
baralga,org.remast.baralga.model.filter,FilterUtils,makeToolTipText,9,3,1
baralga,org.remast.baralga.model.filter,FilterUtils,moveToPreviousInterval,25,7,1
baralga,org.remast.baralga.model.filter,FilterUtils,moveToNextInterval,25,7,1
baralga,org.remast.baralga.model.filter,ProjectPredicate,ProjectPredicate,3,1,1
baralga,org.remast.baralga.model.filter,ProjectPredicate,test,6,2,1
baralga,org.remast.baralga.model.filter,TimeIntervalPredicate,TimeIntervalPredicate,3,1,1
baralga,org.remast.baralga.model.filter,TimeIntervalPredicate,test,9,2,1
baralga,org.remast.baralga.model.filter,Filter,Filter,2,1,0
baralga,org.remast.baralga.model.filter,Filter,matchesCriteria,11,4,1
baralga,org.remast.baralga.model.filter,Filter,setSpanType,3,1,1
baralga,org.remast.baralga.model.filter,Filter,getSpanType,3,1,0
baralga,org.remast.baralga.model.filter,Filter,getTimeInterval,3,1,0
baralga,org.remast.baralga.model.filter,Filter,setTimeInterval,9,2,1
baralga,org.remast.baralga.model.filter,Filter,initTimeInterval,4,1,0
baralga,org.remast.baralga.model.filter,Filter,initTimeInterval,23,6,1
baralga,org.remast.baralga.model.filter,Filter,equals,13,3,1
baralga,org.remast.baralga.model.filter,Filter,toVO,5,1,0
baralga,org.remast.baralga.model.filter,Filter,hashCode,3,1,0
baralga,org.remast.baralga.model.filter,Filter,toString,6,1,0
baralga,org.remast.swing.util,LabeledItem,LabeledItem,6,2,1
baralga,org.remast.swing.util,LabeledItem,LabeledItem,7,2,2
baralga,org.remast.swing.util,LabeledItem,getItem,3,1,0
baralga,org.remast.swing.util,LabeledItem,getLabel,3,1,0
baralga,org.remast.swing.util,LabeledItem,toString,6,2,0
baralga,org.remast.swing.util,LabeledItem,equals,7,2,1
baralga,org.remast.swing.util,LabeledItem,hashCode,3,1,0
baralga,org.remast.swing.util,LabeledItem,compareTo,3,1,1
baralga,org.remast.swing.util,ScreenUtils,ScreenUtils,2,1,0
baralga,org.remast.swing.util,ScreenUtils,containsInScreenBounds,17,5,2
baralga,org.remast.swing.util,ScreenUtils,overlapWithScreenBounds,17,5,2
baralga,org.remast.swing.util,ScreenUtils,getScreenSize,9,2,1
baralga,org.remast.swing.util,ScreenUtils,getLocalScreenSize,13,2,1
baralga,org.remast.swing.util,ScreenUtils,getScreenBounds,11,2,1
baralga,org.remast.swing.util,ScreenUtils,getLocalScreenBounds,4,1,0
baralga,org.remast.swing.util,ScreenUtils,ensureVisible,13,4,2
baralga,org.remast.swing.util,ScreenUtils,ensureOnScreen,40,11,1
baralga,org.remast.swing.util,ScreenUtils,getContainingScreenBounds,33,7,2
baralga,org.remast.swing.util,ScreenUtils,getScreenArea,3,1,0
baralga,org.remast.swing.util,AWTUtils,AWTUtils,2,1,0
baralga,org.remast.swing.util,AWTUtils,createFromAction,5,1,1
baralga,org.remast.swing.util,AWTUtils,keepInScreenBounds,4,1,2
baralga,org.remast.swing.util,AWTUtils,getFrame,9,3,1
baralga,org.remast.swing.util,ExceptionUtils,showErrorDialog,12,3,1
baralga,org.remast.swing.util,ExceptionUtils,uncaughtException,4,1,2
baralga,org.remast.swing.util,ExceptionUtils,dispatchEvent,9,1,1
baralga,org.remast.swing.util,ExceptionHandler,uncaughtException,4,1,2
baralga,org.remast.swing.util,ExceptionHandlingEventProcessor,dispatchEvent,9,1,1
baralga,org.remast.swing.util,FileFilters,accept,3,1,1
baralga,org.remast.swing.util,FileFilters,getDescription,3,1,0
baralga,org.remast.swing.util,FileFilters,accept,3,1,1
baralga,org.remast.swing.util,FileFilters,getDescription,3,1,0
baralga,org.remast.swing.util,FileFilters,accept,3,1,1
baralga,org.remast.swing.util,FileFilters,getDescription,3,1,0
baralga,org.remast.swing.util,FileFilters,accept,3,1,1
baralga,org.remast.swing.util,FileFilters,getDescription,3,1,0
baralga,org.remast.swing.util,ICalFileFilter,accept,3,1,1
baralga,org.remast.swing.util,ICalFileFilter,getDescription,3,1,0
baralga,org.remast.swing.util,ExcelFileFilter,accept,3,1,1
baralga,org.remast.swing.util,ExcelFileFilter,getDescription,3,1,0
baralga,org.remast.swing.util,CsvFileFilter,accept,3,1,1
baralga,org.remast.swing.util,CsvFileFilter,getDescription,3,1,0
baralga,org.remast.swing.util,DataFileFilter,accept,3,1,1
baralga,org.remast.swing.util,DataFileFilter,getDescription,3,1,0
baralga,org.remast.swing.util,GuiConstants,GuiConstants,2,1,0
baralga,org.remast.swing,JSearchField,JSearchField,8,1,0
baralga,org.remast.swing,JTextEditor,onTextChange,0,1,0
baralga,org.remast.swing,JTextEditor,notifyTextObservers,5,2,0
baralga,org.remast.swing,JTextEditor,addTextObserver,3,1,1
baralga,org.remast.swing,JTextEditor,JTextEditor,3,1,0
baralga,org.remast.swing,JTextEditor,JTextEditor,4,1,1
baralga,org.remast.swing,JTextEditor,initialize,24,2,0
baralga,org.remast.swing,JTextEditor,focusGained,2,1,1
baralga,org.remast.swing,JTextEditor,focusLost,3,1,1
baralga,org.remast.swing,JTextEditor,setTabBehavior,13,1,0
baralga,org.remast.swing,JTextEditor,getText,3,1,0
baralga,org.remast.swing,JTextEditor,setText,3,1,1
baralga,org.remast.swing,JTextEditor,setEditable,5,1,1
baralga,org.remast.swing,TextChangeObserver,onTextChange,0,1,0
baralga,org.remast.swing.dialog,EscapeDialog,EscapeDialog,3,1,1
baralga,org.remast.swing.dialog,EscapeDialog,createRootPane,14,1,0
baralga,org.remast.swing.dialog,EscapeDialog,actionPerformed,3,1,1
baralga,org.remast.swing.action,OpenBrowserAction,OpenBrowserAction,3,1,1
baralga,org.remast.swing.action,OpenBrowserAction,OpenBrowserAction,5,1,2
baralga,org.remast.swing.action,OpenBrowserAction,actionPerformed,8,1,1
baralga,org.remast.swing.table,JHighligthedTable,JHighligthedTable,3,1,1
baralga,org.remast.swing.table,JHighligthedTable,prepareRenderer,8,2,3
baralga,org.remast.swing.table,BooleanCellRenderer,getTableCellRendererComponent,4,2,6
baralga,org.remast.swing.table,BooleanCellRenderer,BooleanRenderer,5,1,0
baralga,org.remast.swing.table,BooleanCellRenderer,getTableCellRendererComponent,18,3,6
baralga,org.remast.swing.table,BooleanRenderer,BooleanRenderer,5,1,0
baralga,org.remast.swing.table,BooleanRenderer,getTableCellRendererComponent,18,3,6
baralga,org.remast.baralga.gui,TrayIcon,TrayIcon,21,3,2
baralga,org.remast.baralga.gui,TrayIcon,buildMenu,22,3,0
baralga,org.remast.baralga.gui,TrayIcon,show,11,2,0
baralga,org.remast.baralga.gui,TrayIcon,hide,5,2,0
baralga,org.remast.baralga.gui,TrayIcon,update,28,9,1
baralga,org.remast.baralga.gui,TrayIcon,updateToolTip,8,2,0
baralga,org.remast.baralga.gui,TrayIcon,updateStop,5,1,0
baralga,org.remast.baralga.gui,TrayIcon,updateStart,5,1,0
baralga,org.remast.baralga.gui,BaralgaMain,getLogFileName,3,1,0
baralga,org.remast.baralga.gui,BaralgaMain,getTray,3,1,0
baralga,org.remast.baralga.gui,BaralgaMain,BaralgaMain,2,1,0
baralga,org.remast.baralga.gui,BaralgaMain,main,24,1,1
baralga,org.remast.baralga.gui,BaralgaMain,parseCommandLineArguments,10,4,1
baralga,org.remast.baralga.gui,BaralgaMain,initMainFrame,8,2,2
baralga,org.remast.baralga.gui,BaralgaMain,initStopWatch,8,2,1
baralga,org.remast.baralga.gui,BaralgaMain,initLockFile,10,3,0
baralga,org.remast.baralga.gui,BaralgaMain,initTrayIcon,19,4,2
baralga,org.remast.baralga.gui,BaralgaMain,initShutdownHook,37,5,1
baralga,org.remast.baralga.gui,BaralgaMain,run,29,4,0
baralga,org.remast.baralga.gui,BaralgaMain,initTimer,5,1,1
baralga,org.remast.baralga.gui,BaralgaMain,initModel,21,4,0
baralga,org.remast.baralga.gui,BaralgaMain,checkForOldApplicationDirectory,6,2,0
baralga,org.remast.baralga.gui,BaralgaMain,initLogger,8,1,0
baralga,org.remast.baralga.gui,BaralgaMain,initVersion,3,1,0
baralga,org.remast.baralga.gui,BaralgaMain,initLookAndFeel,9,1,0
baralga,org.remast.baralga.gui,BaralgaMain,tryLock,19,2,0
baralga,org.remast.baralga.gui,BaralgaMain,checkOrCreateBaralgaDir,11,3,0
baralga,org.remast.baralga.gui,BaralgaMain,releaseLock,23,3,0
baralga,org.remast.baralga.gui,MainFrame,MainFrame,6,1,1
baralga,org.remast.baralga.gui,MainFrame,initialize,47,3,0
baralga,org.remast.baralga.gui,MainFrame,componentMoved,3,1,1
baralga,org.remast.baralga.gui,MainFrame,componentResized,3,1,1
baralga,org.remast.baralga.gui,MainFrame,windowIconified,3,1,1
baralga,org.remast.baralga.gui,MainFrame,windowClosed,3,1,1
baralga,org.remast.baralga.gui,MainFrame,windowClosing,3,1,1
baralga,org.remast.baralga.gui,MainFrame,getReportPanel,6,2,0
baralga,org.remast.baralga.gui,MainFrame,getMainMenuBar,9,2,0
baralga,org.remast.baralga.gui,MainFrame,getToolBar,13,2,0
baralga,org.remast.baralga.gui,MainFrame,getCurrentActivityPanel,6,2,0
baralga,org.remast.baralga.gui,MainFrame,getHelpMenu,8,2,0
baralga,org.remast.baralga.gui,MainFrame,getFileMenu,12,2,0
baralga,org.remast.baralga.gui,MainFrame,getImportItem,9,2,0
baralga,org.remast.baralga.gui,MainFrame,getEditMenu,15,2,0
baralga,org.remast.baralga.gui,MainFrame,getAddActivityMenuItem,8,2,0
baralga,org.remast.baralga.gui,MainFrame,getEditProjectsMenuItem,8,2,0
baralga,org.remast.baralga.gui,MainFrame,getAboutMenuItem,8,2,0
baralga,org.remast.baralga.gui,MainFrame,update,26,9,1
baralga,org.remast.baralga.gui,MainFrame,updateTitle,8,2,0
baralga,org.remast.baralga.gui,MainFrame,updateStart,4,1,0
baralga,org.remast.baralga.gui,MainFrame,updateStop,4,1,0
baralga,org.remast.baralga.gui,MainFrame,getExportiCalItem,8,2,0
baralga,org.remast.baralga.gui,MainFrame,getExportExcelItem,8,2,0
baralga,org.remast.baralga.gui,MainFrame,getExportCsvItem,8,2,0
baralga,org.remast.baralga.gui,MainFrame,getExportDataItem,8,2,0
baralga,org.remast.baralga.gui,MainFrame,getExportMenu,13,2,0
baralga,org.remast.baralga.gui,MainFrame,getImportMenu,10,2,0
baralga,org.remast.baralga.gui,MainFrame,windowIconified,5,2,1
baralga,org.remast.baralga.gui,MainFrame,windowClosing,15,4,1
baralga,org.remast.baralga.gui,MainFrame,getExitItem,8,2,0
baralga,org.remast.baralga.gui.lists,ProjectFilterList,ProjectFilterList,6,1,1
baralga,org.remast.baralga.gui.lists,ProjectFilterList,initialize,7,2,0
baralga,org.remast.baralga.gui.lists,ProjectFilterList,getProjectList,3,1,0
baralga,org.remast.baralga.gui.lists,ProjectFilterList,update,24,8,1
baralga,org.remast.baralga.gui.lists,ProjectFilterList,addProject,9,3,1
baralga,org.remast.baralga.gui.panels,MotionPanel,MotionPanel,22,1,1
baralga,org.remast.baralga.gui.panels,MotionPanel,mousePressed,4,1,1
baralga,org.remast.baralga.gui.panels,MotionPanel,mouseDragged,9,1,1
baralga,org.remast.baralga.gui.panels,ActivityPanelStopWatch,ActivityPanelStopWatch,6,1,1
baralga,org.remast.baralga.gui.panels,ActivityPanelStopWatch,initialize,20,3,0
baralga,org.remast.baralga.gui.panels,ActivityPanelStopWatch,getDurationLabel,17,3,0
baralga,org.remast.baralga.gui.panels,ActivityPanelStopWatch,getStartStopButton,8,2,0
baralga,org.remast.baralga.gui.panels,ActivityPanelStopWatch,getProjectSelector,13,2,0
baralga,org.remast.baralga.gui.panels,ActivityPanelStopWatch,update,23,8,1
baralga,org.remast.baralga.gui.panels,ActivityPanelStopWatch,updateProjectChanged,6,2,1
baralga,org.remast.baralga.gui.panels,ActivityPanelStopWatch,updateStart,10,1,0
baralga,org.remast.baralga.gui.panels,ActivityPanelStopWatch,updateStop,10,1,0
baralga,org.remast.baralga.gui.panels,ActivityPanelStopWatch,actionPerformed,3,1,1
baralga,org.remast.baralga.gui.panels,ActivityPanelStopWatch,updateDuration,5,1,0
baralga,org.remast.baralga.gui.panels,DescriptionPanelEntry,DescriptionPanelEntry,5,1,2
baralga,org.remast.baralga.gui.panels,DescriptionPanelEntry,initialize,22,2,0
baralga,org.remast.baralga.gui.panels,DescriptionPanelEntry,update,4,1,0
baralga,org.remast.baralga.gui.panels,ReportPanel,ReportPanel,5,1,1
baralga,org.remast.baralga.gui.panels,ReportPanel,initialize,47,1,0
baralga,org.remast.baralga.gui.panels,ReportPanel,mouseEntered,3,1,1
baralga,org.remast.baralga.gui.panels,ReportPanel,mouseExited,3,1,1
baralga,org.remast.baralga.gui.panels,ReportPanel,getSpanTypeSelector,14,4,0
baralga,org.remast.baralga.gui.panels,ReportPanel,getProjectFilterSelector,21,6,0
baralga,org.remast.baralga.gui.panels,ReportPanel,createFilter,20,4,1
baralga,org.remast.baralga.gui.panels,ReportPanel,storeFilterInSettings,13,2,0
baralga,org.remast.baralga.gui.panels,ReportPanel,actionPerformed,6,1,2
baralga,org.remast.baralga.gui.panels,ReportPanel,updateLabelsAndTooltips,24,6,0
baralga,org.remast.baralga.gui.panels,ReportPanel,actionPerformed,3,1,1
baralga,org.remast.baralga.gui.panels,DescriptionPanel,DescriptionPanel,8,1,1
baralga,org.remast.baralga.gui.panels,DescriptionPanel,initialize,6,1,0
baralga,org.remast.baralga.gui.panels,DescriptionPanel,applyFilter,16,3,0
baralga,org.remast.baralga.gui.panels,DescriptionPanel,update,47,14,1
baralga,org.remast.baralga.gui.panels,DescriptionPanel,setFilter,3,1,1
baralga,org.remast.baralga.gui.panels,ActivityPanel,ActivityPanel,6,1,1
baralga,org.remast.baralga.gui.panels,ActivityPanel,initialize,89,5,0
baralga,org.remast.baralga.gui.panels,ActivityPanel,focusGained,2,1,1
baralga,org.remast.baralga.gui.panels,ActivityPanel,focusLost,3,1,1
baralga,org.remast.baralga.gui.panels,ActivityPanel,getStartStopButton,8,2,0
baralga,org.remast.baralga.gui.panels,ActivityPanel,getProjectSelector,16,3,0
baralga,org.remast.baralga.gui.panels,ActivityPanel,update,23,8,1
baralga,org.remast.baralga.gui.panels,ActivityPanel,updateProjectChanged,7,2,1
baralga,org.remast.baralga.gui.panels,ActivityPanel,updateStart,14,1,0
baralga,org.remast.baralga.gui.panels,ActivityPanel,updateStop,15,1,0
baralga,org.remast.baralga.gui.panels,ActivityPanel,actionPerformed,3,1,1
baralga,org.remast.baralga.gui.panels,ActivityPanel,updateDuration,5,1,0
baralga,org.remast.baralga.gui.panels,ActivityPanel,changeStartTime,22,4,0
baralga,org.remast.baralga.gui.panels,SelectLastActionPanel,SelectLastActionPanel,5,1,1
baralga,org.remast.baralga.gui.panels,SelectLastActionPanel,initialize,13,1,0
baralga,org.remast.baralga.gui.panels,SelectLastActionPanel,update,22,7,1
baralga,org.remast.baralga.gui.panels,SelectLastActionPanel,updateLastProjextLabel,8,2,0
baralga,org.remast.baralga.gui.panels,SelectLastActionPanel,getIntroductionLabel,3,1,0
baralga,org.remast.baralga.gui.panels,SelectLastActionPanel,getWhatToTrackPanel,28,1,0
baralga,org.remast.baralga.gui.panels,SelectLastActionPanel,getAwaySinceLabel,4,1,0
baralga,org.remast.baralga.gui.panels,SelectLastActionPanel,getLastProjectLabel,5,1,0
baralga,org.remast.baralga.gui.panels,SelectLastActionPanel,getProjectSelector,8,2,0
baralga,org.remast.baralga.gui.panels,SelectLastActionPanel,updateProjectChanged,3,1,1
baralga,org.remast.baralga.gui.panels,SelectLastActionPanel,updateInactivityTime,10,1,1
baralga,org.remast.baralga.gui.panels,SelectLastActionPanel,save,28,6,0
baralga,org.remast.baralga.gui.panels,SelectLastActionPanel,beginSaving,3,1,0
baralga,org.remast.baralga.gui.panels,SelectLastActionPanel,endSaving,3,1,0
baralga,org.remast.baralga.gui.panels,SelectNextActionPanel,SelectNextActionPanel,5,1,1
baralga,org.remast.baralga.gui.panels,SelectNextActionPanel,initialize,9,1,0
baralga,org.remast.baralga.gui.panels,SelectNextActionPanel,update,19,7,1
baralga,org.remast.baralga.gui.panels,SelectNextActionPanel,getIntroductionLabel,3,1,0
baralga,org.remast.baralga.gui.panels,SelectNextActionPanel,getProjectToStartPanel,17,1,0
baralga,org.remast.baralga.gui.panels,SelectNextActionPanel,getProjectSelector,8,2,0
baralga,org.remast.baralga.gui.panels,SelectNextActionPanel,save,17,4,0
baralga,org.remast.baralga.gui.panels,SelectNextActionPanel,beginSaving,3,1,0
baralga,org.remast.baralga.gui.panels,SelectNextActionPanel,endSaving,3,1,0
baralga,org.remast.baralga.gui.panels,FilteredActivitiesPane,actionPerformed,3,1,1
baralga,org.remast.baralga.gui.panels,FilteredActivitiesPane,actionPerformed,3,1,1
baralga,org.remast.baralga.gui.panels,FilteredActivitiesPane,actionPerformed,3,1,1
baralga,org.remast.baralga.gui.panels,FilteredActivitiesPane,FilteredActivitiesPane,6,1,1
baralga,org.remast.baralga.gui.panels,FilteredActivitiesPane,initialize,50,1,0
baralga,org.remast.baralga.gui.panels,FilteredActivitiesPane,initToggleButtons,14,4,0
baralga,org.remast.baralga.gui.panels,FilteredActivitiesPane,initCategorizedTabs,9,3,0
baralga,org.remast.baralga.gui.panels,FilteredActivitiesPane,toggleCategory,6,1,1
baralga,org.remast.baralga.gui.panels,FilteredActivitiesPane,addCategorizedTab,6,2,1
baralga,org.remast.baralga.gui.panels,FilteredActivitiesPane,update,11,3,1
baralga,org.remast.baralga.gui.panels,FilteredActivitiesPane,updateTabVisibility,25,7,0
baralga,org.remast.baralga.gui.panels,FilteredActivitiesPane,CategorizedTab,3,1,1
baralga,org.remast.baralga.gui.panels,FilteredActivitiesPane,setComponent,6,1,4
baralga,org.remast.baralga.gui.panels,FilteredActivitiesPane,getCategory,3,1,0
baralga,org.remast.baralga.gui.panels,FilteredActivitiesPane,getTitle,3,1,0
baralga,org.remast.baralga.gui.panels,FilteredActivitiesPane,getIcon,3,1,0
baralga,org.remast.baralga.gui.panels,FilteredActivitiesPane,getComponent,3,1,0
baralga,org.remast.baralga.gui.panels,FilteredActivitiesPane,getTooltip,3,1,0
baralga,org.remast.baralga.gui.panels,CategorizedTab,CategorizedTab,3,1,1
baralga,org.remast.baralga.gui.panels,CategorizedTab,setComponent,6,1,4
baralga,org.remast.baralga.gui.panels,CategorizedTab,getCategory,3,1,0
baralga,org.remast.baralga.gui.panels,CategorizedTab,getTitle,3,1,0
baralga,org.remast.baralga.gui.panels,CategorizedTab,getIcon,3,1,0
baralga,org.remast.baralga.gui.panels,CategorizedTab,getComponent,3,1,0
baralga,org.remast.baralga.gui.panels,CategorizedTab,getTooltip,3,1,0
baralga,org.remast.baralga.gui.panels.table,AccumulatedProjectActivityTextFilterator,getFilterStrings,8,2,2
baralga,org.remast.baralga.gui.panels.table,AllActivitiesTableFormat,AllActivitiesTableFormat,3,1,1
baralga,org.remast.baralga.gui.panels.table,AllActivitiesTableFormat,getColumnCount,3,1,0
baralga,org.remast.baralga.gui.panels.table,AllActivitiesTableFormat,getColumnName,16,6,1
baralga,org.remast.baralga.gui.panels.table,AllActivitiesTableFormat,getColumnValue,16,6,2
baralga,org.remast.baralga.gui.panels.table,AllActivitiesTableFormat,isEditable,3,1,2
baralga,org.remast.baralga.gui.panels.table,AllActivitiesTableFormat,setColumnValue,41,6,3
baralga,org.remast.baralga.gui.panels.table,HoursByQuarterTableFormat,getColumnCount,3,1,0
baralga,org.remast.baralga.gui.panels.table,HoursByQuarterTableFormat,getColumnName,12,4,1
baralga,org.remast.baralga.gui.panels.table,HoursByQuarterTableFormat,getColumnValue,12,4,2
baralga,org.remast.baralga.gui.panels.table,HoursByWeekTextFilterator,getFilterStrings,8,2,2
baralga,org.remast.baralga.gui.panels.table,HoursByQuarterTextFilterator,getFilterStrings,8,2,2
baralga,org.remast.baralga.gui.panels.table,ProjectActivityTextFilterator,getFilterStrings,11,2,2
baralga,org.remast.baralga.gui.panels.table,HoursByMonthTextFilterator,getFilterStrings,8,2,2
baralga,org.remast.baralga.gui.panels.table,HoursByDayTableFormat,getColumnCount,3,1,0
baralga,org.remast.baralga.gui.panels.table,HoursByDayTableFormat,getColumnName,10,3,1
baralga,org.remast.baralga.gui.panels.table,HoursByDayTableFormat,getColumnValue,10,3,2
baralga,org.remast.baralga.gui.panels.table,HoursByProjectTextFilterator,getFilterStrings,7,2,2
baralga,org.remast.baralga.gui.panels.table,HoursByProjectTableFormat,getColumnCount,3,1,0
baralga,org.remast.baralga.gui.panels.table,HoursByProjectTableFormat,getColumnName,10,3,1
baralga,org.remast.baralga.gui.panels.table,HoursByProjectTableFormat,getColumnValue,10,3,2
baralga,org.remast.baralga.gui.panels.table,HoursByDayTextFilterator,getFilterStrings,7,2,2
baralga,org.remast.baralga.gui.panels.table,HoursByWeekTableFormat,getColumnCount,3,1,0
baralga,org.remast.baralga.gui.panels.table,HoursByWeekTableFormat,getColumnName,12,4,1
baralga,org.remast.baralga.gui.panels.table,HoursByWeekTableFormat,getColumnValue,12,4,2
baralga,org.remast.baralga.gui.panels.table,HoursByMonthTableFormat,getColumnCount,3,1,0
baralga,org.remast.baralga.gui.panels.table,HoursByMonthTableFormat,getColumnName,12,4,1
baralga,org.remast.baralga.gui.panels.table,HoursByMonthTableFormat,getColumnValue,12,4,2
baralga,org.remast.baralga.gui.panels.table,AccumulatedActivitiesTableFormat,getColumnCount,3,1,0
baralga,org.remast.baralga.gui.panels.table,AccumulatedActivitiesTableFormat,getColumnName,12,4,1
baralga,org.remast.baralga.gui.panels.table,AccumulatedActivitiesTableFormat,getColumnValue,12,4,2
baralga,org.remast.baralga.gui.panels.report,HoursByDayPanel,HoursByDayPanel,6,1,1
baralga,org.remast.baralga.gui.panels.report,HoursByDayPanel,initialize,16,1,0
baralga,org.remast.baralga.gui.panels.report,HoursByDayPanel,update,5,2,1
baralga,org.remast.baralga.gui.panels.report,HoursByDayPanel,newDayFormat,3,1,0
baralga,org.remast.baralga.gui.panels.report,HoursByProjectChartPanel,HoursByProjectChartPanel,6,1,1
baralga,org.remast.baralga.gui.panels.report,HoursByProjectChartPanel,initialize,12,1,0
baralga,org.remast.baralga.gui.panels.report,HoursByProjectChartPanel,initChartData,6,2,0
baralga,org.remast.baralga.gui.panels.report,HoursByProjectChartPanel,update,5,2,1
baralga,org.remast.baralga.gui.panels.report,HoursByProjectPanel,HoursByProjectPanel,6,1,1
baralga,org.remast.baralga.gui.panels.report,HoursByProjectPanel,initialize,16,1,0
baralga,org.remast.baralga.gui.panels.report,HoursByProjectPanel,update,5,2,1
baralga,org.remast.baralga.gui.panels.report,HoursByQuarterPanel,HoursByQuarterPanel,6,1,1
baralga,org.remast.baralga.gui.panels.report,HoursByQuarterPanel,initialize,17,1,0
baralga,org.remast.baralga.gui.panels.report,HoursByQuarterPanel,update,5,2,1
baralga,org.remast.baralga.gui.panels.report,HoursByQuarterPanel,newYearFormat,3,1,0
baralga,org.remast.baralga.gui.panels.report,HoursByMonthPanel,HoursByMonthPanel,6,1,1
baralga,org.remast.baralga.gui.panels.report,HoursByMonthPanel,initialize,17,1,0
baralga,org.remast.baralga.gui.panels.report,HoursByMonthPanel,update,5,2,1
baralga,org.remast.baralga.gui.panels.report,HoursByMonthPanel,newYearFormat,3,1,0
baralga,org.remast.baralga.gui.panels.report,HoursByMonthPanel,newMonthFormat,3,1,0
baralga,org.remast.baralga.gui.panels.report,AllActitvitiesPanel,AllActitvitiesPanel,6,1,1
baralga,org.remast.baralga.gui.panels.report,AllActitvitiesPanel,initialize,110,9,0
baralga,org.remast.baralga.gui.panels.report,AllActitvitiesPanel,actionPerformed,8,2,1
baralga,org.remast.baralga.gui.panels.report,AllActitvitiesPanel,actionPerformed,8,2,1
baralga,org.remast.baralga.gui.panels.report,AllActitvitiesPanel,actionPerformed,10,2,1
baralga,org.remast.baralga.gui.panels.report,AllActitvitiesPanel,mouseReleased,3,1,1
baralga,org.remast.baralga.gui.panels.report,AllActitvitiesPanel,mouseClicked,3,1,1
baralga,org.remast.baralga.gui.panels.report,AllActitvitiesPanel,mousePressed,3,1,1
baralga,org.remast.baralga.gui.panels.report,AllActitvitiesPanel,checkForPopup,20,4,1
baralga,org.remast.baralga.gui.panels.report,AllActitvitiesPanel,update,18,8,1
baralga,org.remast.baralga.gui.panels.report,HoursByWeekPanel,HoursByWeekPanel,6,1,1
baralga,org.remast.baralga.gui.panels.report,HoursByWeekPanel,initialize,17,1,0
baralga,org.remast.baralga.gui.panels.report,HoursByWeekPanel,update,5,2,1
baralga,org.remast.baralga.gui.panels.report,HoursByWeekPanel,newWeekFormat,3,1,0
baralga,org.remast.baralga.gui.panels.report,HoursByWeekPanel,newYearFormat,3,1,0
baralga,org.remast.baralga.gui.panels.report,AccummulatedActitvitiesPanel,AccummulatedActitvitiesPanel,6,1,1
baralga,org.remast.baralga.gui.panels.report,AccummulatedActitvitiesPanel,initialize,16,1,0
baralga,org.remast.baralga.gui.panels.report,AccummulatedActitvitiesPanel,update,5,2,2
baralga,org.remast.baralga.gui.model.edit,EditStack,EditStack,6,1,1
baralga,org.remast.baralga.gui.model.edit,EditStack,update,13,4,1
baralga,org.remast.baralga.gui.model.edit,EditStack,updateActions,18,3,0
baralga,org.remast.baralga.gui.model.edit,EditStack,getUndoAction,3,1,0
baralga,org.remast.baralga.gui.model.edit,EditStack,getRedoAction,3,1,0
baralga,org.remast.baralga.gui.model.edit,EditStack,undo,9,2,0
baralga,org.remast.baralga.gui.model.edit,EditStack,redo,9,2,0
baralga,org.remast.baralga.gui.model.edit,EditStack,executeUndo,8,3,1
baralga,org.remast.baralga.gui.model.edit,EditStack,executeRedo,8,3,1
baralga,org.remast.baralga.gui.model.report,HoursByQuarterReport,HoursByQuarterReport,6,1,1
baralga,org.remast.baralga.gui.model.report,HoursByQuarterReport,getEventBus,3,1,0
baralga,org.remast.baralga.gui.model.report,HoursByQuarterReport,calculateHours,8,2,0
baralga,org.remast.baralga.gui.model.report,HoursByQuarterReport,addHours,11,2,2
baralga,org.remast.baralga.gui.model.report,HoursByQuarterReport,getHoursByQuarter,3,1,0
baralga,org.remast.baralga.gui.model.report,HoursByQuarterReport,update,16,8,1
baralga,org.remast.baralga.gui.model.report,HoursByProjectReport,HoursByProjectReport,6,1,1
baralga,org.remast.baralga.gui.model.report,HoursByProjectReport,getEventBus,3,1,0
baralga,org.remast.baralga.gui.model.report,HoursByProjectReport,calculateHours,8,2,0
baralga,org.remast.baralga.gui.model.report,HoursByProjectReport,addHours,10,2,2
baralga,org.remast.baralga.gui.model.report,HoursByProjectReport,getHoursByProject,3,1,0
baralga,org.remast.baralga.gui.model.report,HoursByProjectReport,update,17,8,1
baralga,org.remast.baralga.gui.model.report,HoursByWeekReport,HoursByWeekReport,6,1,1
baralga,org.remast.baralga.gui.model.report,HoursByWeekReport,getEventBus,3,1,0
baralga,org.remast.baralga.gui.model.report,HoursByWeekReport,calculateHours,8,2,0
baralga,org.remast.baralga.gui.model.report,HoursByWeekReport,addHours,11,2,2
baralga,org.remast.baralga.gui.model.report,HoursByWeekReport,getHoursByWeek,3,1,0
baralga,org.remast.baralga.gui.model.report,HoursByWeekReport,update,16,8,1
baralga,org.remast.baralga.gui.model.report,HoursByProject,HoursByProject,4,1,2
baralga,org.remast.baralga.gui.model.report,HoursByProject,getProject,3,1,0
baralga,org.remast.baralga.gui.model.report,HoursByProject,getHours,3,1,0
baralga,org.remast.baralga.gui.model.report,HoursByProject,equals,10,3,1
baralga,org.remast.baralga.gui.model.report,HoursByProject,addHours,3,1,1
baralga,org.remast.baralga.gui.model.report,HoursByProject,compareTo,9,3,1
baralga,org.remast.baralga.gui.model.report,HoursByProject,hashCode,3,1,0
baralga,org.remast.baralga.gui.model.report,HoursByDay,HoursByDay,4,1,2
baralga,org.remast.baralga.gui.model.report,HoursByDay,getDay,3,1,0
baralga,org.remast.baralga.gui.model.report,HoursByDay,getHours,3,1,0
baralga,org.remast.baralga.gui.model.report,HoursByDay,equals,13,3,1
baralga,org.remast.baralga.gui.model.report,HoursByDay,addHours,3,1,1
baralga,org.remast.baralga.gui.model.report,HoursByDay,compareTo,12,3,1
baralga,org.remast.baralga.gui.model.report,HoursByDay,hashCode,3,1,0
baralga,org.remast.baralga.gui.model.report,HoursByQuarter,HoursByQuarter,5,1,2
baralga,org.remast.baralga.gui.model.report,HoursByQuarter,getDate,3,1,0
baralga,org.remast.baralga.gui.model.report,HoursByQuarter,getQuarter,3,1,0
baralga,org.remast.baralga.gui.model.report,HoursByQuarter,getHours,3,1,0
baralga,org.remast.baralga.gui.model.report,HoursByQuarter,equals,13,3,1
baralga,org.remast.baralga.gui.model.report,HoursByQuarter,addHours,3,1,1
baralga,org.remast.baralga.gui.model.report,HoursByQuarter,compareTo,12,3,1
baralga,org.remast.baralga.gui.model.report,HoursByQuarter,hashCode,3,1,0
baralga,org.remast.baralga.gui.model.report,HoursByMonth,HoursByMonth,4,1,2
baralga,org.remast.baralga.gui.model.report,HoursByMonth,getMonth,3,1,0
baralga,org.remast.baralga.gui.model.report,HoursByMonth,getHours,3,1,0
baralga,org.remast.baralga.gui.model.report,HoursByMonth,equals,13,3,1
baralga,org.remast.baralga.gui.model.report,HoursByMonth,addHours,3,1,1
baralga,org.remast.baralga.gui.model.report,HoursByMonth,compareTo,12,3,1
baralga,org.remast.baralga.gui.model.report,HoursByMonth,hashCode,3,1,0
baralga,org.remast.baralga.gui.model.report,HoursByWeek,HoursByWeek,4,1,2
baralga,org.remast.baralga.gui.model.report,HoursByWeek,getWeek,3,1,0
baralga,org.remast.baralga.gui.model.report,HoursByWeek,getHours,3,1,0
baralga,org.remast.baralga.gui.model.report,HoursByWeek,equals,13,3,1
baralga,org.remast.baralga.gui.model.report,HoursByWeek,addHours,3,1,1
baralga,org.remast.baralga.gui.model.report,HoursByWeek,compareTo,12,3,1
baralga,org.remast.baralga.gui.model.report,HoursByWeek,hashCode,3,1,0
baralga,org.remast.baralga.gui.model.report,ObservingAccumulatedActivitiesReport,ObservingAccumulatedActivitiesReport,6,1,1
baralga,org.remast.baralga.gui.model.report,ObservingAccumulatedActivitiesReport,update,24,8,1
baralga,org.remast.baralga.gui.model.report,HoursByMonthReport,HoursByMonthReport,6,1,1
baralga,org.remast.baralga.gui.model.report,HoursByMonthReport,getEventBus,3,1,0
baralga,org.remast.baralga.gui.model.report,HoursByMonthReport,calculateHours,8,2,0
baralga,org.remast.baralga.gui.model.report,HoursByMonthReport,addHours,11,2,2
baralga,org.remast.baralga.gui.model.report,HoursByMonthReport,getHoursByMonth,3,1,0
baralga,org.remast.baralga.gui.model.report,HoursByMonthReport,update,16,8,1
baralga,org.remast.baralga.gui.model.report,HoursByDayReport,HoursByDayReport,6,1,1
baralga,org.remast.baralga.gui.model.report,HoursByDayReport,getEventBus,3,1,0
baralga,org.remast.baralga.gui.model.report,HoursByDayReport,calculateHours,8,2,0
baralga,org.remast.baralga.gui.model.report,HoursByDayReport,addHours,10,2,2
baralga,org.remast.baralga.gui.model.report,HoursByDayReport,getHoursByDay,3,1,0
baralga,org.remast.baralga.gui.model.report,HoursByDayReport,update,17,8,1
baralga,org.remast.baralga.gui.actions,AbstractExportAction,AbstractExportAction,3,1,2
baralga,org.remast.baralga.gui.actions,AbstractExportAction,createExporter,0,1,0
baralga,org.remast.baralga.gui.actions,AbstractExportAction,getLastExportLocation,0,1,0
baralga,org.remast.baralga.gui.actions,AbstractExportAction,setLastExportLocation,0,1,1
baralga,org.remast.baralga.gui.actions,AbstractExportAction,getFileFilter,0,1,0
baralga,org.remast.baralga.gui.actions,AbstractExportAction,getFileExtension,0,1,0
baralga,org.remast.baralga.gui.actions,AbstractExportAction,actionPerformed,16,4,1
baralga,org.remast.baralga.gui.actions,AbstractExportAction,ExportWorker,7,1,5
baralga,org.remast.baralga.gui.actions,AbstractExportAction,doInBackground,21,2,0
baralga,org.remast.baralga.gui.actions,ExportWorker,ExportWorker,7,1,5
baralga,org.remast.baralga.gui.actions,ExportWorker,doInBackground,21,2,0
baralga,org.remast.baralga.gui.actions,ExitAction,ExitAction,7,1,2
baralga,org.remast.baralga.gui.actions,ExitAction,actionPerformed,10,3,1
baralga,org.remast.baralga.gui.actions,StartAction,StartAction,6,1,2
baralga,org.remast.baralga.gui.actions,StartAction,actionPerformed,8,1,1
baralga,org.remast.baralga.gui.actions,AbstractBaralgaAction,AbstractBaralgaAction,3,1,1
baralga,org.remast.baralga.gui.actions,AbstractBaralgaAction,AbstractBaralgaAction,3,1,1
baralga,org.remast.baralga.gui.actions,AbstractBaralgaAction,AbstractBaralgaAction,4,1,2
baralga,org.remast.baralga.gui.actions,AbstractBaralgaAction,getModel,3,1,0
baralga,org.remast.baralga.gui.actions,AbstractBaralgaAction,getOwner,3,1,0
baralga,org.remast.baralga.gui.actions,AbstractBaralgaAction,getMnemonic,11,2,0
baralga,org.remast.baralga.gui.actions,ExportXmlAction,ExportXmlAction,6,1,2
baralga,org.remast.baralga.gui.actions,ExportXmlAction,createExporter,3,1,0
baralga,org.remast.baralga.gui.actions,ExportXmlAction,getFileExtension,3,1,0
baralga,org.remast.baralga.gui.actions,ExportXmlAction,getFileFilter,3,1,0
baralga,org.remast.baralga.gui.actions,ExportXmlAction,getLastExportLocation,3,1,0
baralga,org.remast.baralga.gui.actions,ExportXmlAction,setLastExportLocation,3,1,1
baralga,org.remast.baralga.gui.actions,AbstractEditAction,AbstractEditAction,3,1,1
baralga,org.remast.baralga.gui.actions,AbstractEditAction,undo,3,1,0
baralga,org.remast.baralga.gui.actions,AbstractEditAction,redo,3,1,0
baralga,org.remast.baralga.gui.actions,ExportExcelAction,ExportExcelAction,6,1,2
baralga,org.remast.baralga.gui.actions,ExportExcelAction,createExporter,3,1,0
baralga,org.remast.baralga.gui.actions,ExportExcelAction,getFileExtension,3,1,0
baralga,org.remast.baralga.gui.actions,ExportExcelAction,getFileFilter,3,1,0
baralga,org.remast.baralga.gui.actions,ExportExcelAction,getLastExportLocation,3,1,0
baralga,org.remast.baralga.gui.actions,ExportExcelAction,setLastExportLocation,3,1,1
baralga,org.remast.baralga.gui.actions,ChangeProjectAction,ChangeProjectAction,10,2,2
baralga,org.remast.baralga.gui.actions,ChangeProjectAction,actionPerformed,13,3,1
baralga,org.remast.baralga.gui.actions,ChangeProjectAction,isStartConfirmed,13,1,0
baralga,org.remast.baralga.gui.actions,ImportXmlAction,ImportXmlAction,6,1,2
baralga,org.remast.baralga.gui.actions,ImportXmlAction,actionPerformed,23,3,1
baralga,org.remast.baralga.gui.actions,StopAction,StopAction,6,1,1
baralga,org.remast.baralga.gui.actions,StopAction,actionPerformed,8,1,1
baralga,org.remast.baralga.gui.actions,AboutAction,AboutAction,6,1,1
baralga,org.remast.baralga.gui.actions,AboutAction,actionPerformed,4,1,1
baralga,org.remast.baralga.gui.actions,SettingsAction,SettingsAction,6,1,2
baralga,org.remast.baralga.gui.actions,SettingsAction,actionPerformed,4,1,1
baralga,org.remast.baralga.gui.actions,RedoAction,RedoAction,6,1,1
baralga,org.remast.baralga.gui.actions,RedoAction,actionPerformed,3,1,1
baralga,org.remast.baralga.gui.actions,RedoAction,setText,4,1,1
baralga,org.remast.baralga.gui.actions,RedoAction,resetText,4,1,0
baralga,org.remast.baralga.gui.actions,ICalExportAction,ICalExportAction,6,1,2
baralga,org.remast.baralga.gui.actions,ICalExportAction,createExporter,3,1,0
baralga,org.remast.baralga.gui.actions,ICalExportAction,getLastExportLocation,3,1,0
baralga,org.remast.baralga.gui.actions,ICalExportAction,setLastExportLocation,3,1,1
baralga,org.remast.baralga.gui.actions,ICalExportAction,getFileFilter,3,1,0
baralga,org.remast.baralga.gui.actions,ICalExportAction,getFileExtension,3,1,0
baralga,org.remast.baralga.gui.actions,ExportCsvAction,ExportCsvAction,6,1,2
baralga,org.remast.baralga.gui.actions,ExportCsvAction,createExporter,3,1,0
baralga,org.remast.baralga.gui.actions,ExportCsvAction,getFileExtension,3,1,0
baralga,org.remast.baralga.gui.actions,ExportCsvAction,getFileFilter,3,1,0
baralga,org.remast.baralga.gui.actions,ExportCsvAction,getLastExportLocation,3,1,0
baralga,org.remast.baralga.gui.actions,ExportCsvAction,setLastExportLocation,3,1,1
baralga,org.remast.baralga.gui.actions,ManageProjectsAction,ManageProjectsAction,6,1,2
baralga,org.remast.baralga.gui.actions,ManageProjectsAction,actionPerformed,4,1,1
baralga,org.remast.baralga.gui.actions,UndoAction,UndoAction,6,1,1
baralga,org.remast.baralga.gui.actions,UndoAction,actionPerformed,3,1,1
baralga,org.remast.baralga.gui.actions,UndoAction,setText,4,1,1
baralga,org.remast.baralga.gui.actions,UndoAction,resetText,4,1,0
baralga,org.remast.baralga.gui.actions,AddActivityAction,AddActivityAction,7,1,2
baralga,org.remast.baralga.gui.actions,AddActivityAction,actionPerformed,4,1,1
baralga,org.remast.baralga.gui.dialogs,AboutDialog,AboutDialog,10,1,1
baralga,org.remast.baralga.gui.dialogs,AboutDialog,initialize,36,2,0
baralga,org.remast.baralga.gui.dialogs,SettingsDialog,SettingsDialog,5,1,2
baralga,org.remast.baralga.gui.dialogs,SettingsDialog,initialize,31,1,0
baralga,org.remast.baralga.gui.dialogs,SettingsDialog,resetSettings,4,1,0
baralga,org.remast.baralga.gui.dialogs,SettingsDialog,readFromModel,11,3,0
baralga,org.remast.baralga.gui.dialogs,SettingsDialog,writeToModel,5,1,0
baralga,org.remast.baralga.gui.dialogs,SettingsDialog,actionPerformed,3,1,1
baralga,org.remast.baralga.gui.dialogs,StopWatch,StopWatch,5,1,1
baralga,org.remast.baralga.gui.dialogs,StopWatch,update,9,3,1
baralga,org.remast.baralga.gui.dialogs,StopWatch,initialize,28,2,0
baralga,org.remast.baralga.gui.dialogs,StopWatch,componentMoved,3,1,1
baralga,org.remast.baralga.gui.dialogs,StopWatch,componentResized,3,1,1
baralga,org.remast.baralga.gui.dialogs,StopWatch,getCurrentActivityPanel,6,2,0
baralga,org.remast.baralga.gui.dialogs,LoginDialog,LoginDialog,5,1,1
baralga,org.remast.baralga.gui.dialogs,LoginDialog,initialize,8,1,0
baralga,org.remast.baralga.gui.dialogs,LoginDialog,readFromModel,3,1,0
baralga,org.remast.baralga.gui.dialogs,LoginDialog,initializeLayout,14,1,0
baralga,org.remast.baralga.gui.dialogs,LoginDialog,getSubmitLoginButton,20,3,0
baralga,org.remast.baralga.gui.dialogs,LoginDialog,getUsernameField,6,2,0
baralga,org.remast.baralga.gui.dialogs,LoginDialog,getPasswordField,6,2,0
baralga,org.remast.baralga.gui.dialogs,LoginDialog,wasAborted,3,1,0
baralga,org.remast.baralga.gui.dialogs,LoginDialog,validateFields,17,4,0
baralga,org.remast.baralga.gui.dialogs,ManageProjectsDialog,ManageProjectsDialog,6,1,2
baralga,org.remast.baralga.gui.dialogs,ManageProjectsDialog,initialize,21,1,0
baralga,org.remast.baralga.gui.dialogs,ManageProjectsDialog,getProjectTable,11,2,0
baralga,org.remast.baralga.gui.dialogs,ManageProjectsDialog,getNewProjectTextField,11,2,0
baralga,org.remast.baralga.gui.dialogs,ManageProjectsDialog,getAddProjectButton,16,2,0
baralga,org.remast.baralga.gui.dialogs,ManageProjectsDialog,getRemoveProjectButton,15,3,0
baralga,org.remast.baralga.gui.dialogs,ManageProjectsDialog,update,12,4,1
baralga,org.remast.baralga.gui.dialogs,AddOrEditActivityDialog,AddOrEditActivityDialog,3,1,2
baralga,org.remast.baralga.gui.dialogs,AddOrEditActivityDialog,AddOrEditActivityDialog,6,1,3
baralga,org.remast.baralga.gui.dialogs,AddOrEditActivityDialog,initialize,16,2,0
baralga,org.remast.baralga.gui.dialogs,AddOrEditActivityDialog,readFromModel,24,4,0
baralga,org.remast.baralga.gui.dialogs,AddOrEditActivityDialog,getProjectSelector,6,2,0
baralga,org.remast.baralga.gui.dialogs,AddOrEditActivityDialog,initializeLayout,19,1,0
baralga,org.remast.baralga.gui.dialogs,AddOrEditActivityDialog,getSubmitActivityButton,37,6,0
baralga,org.remast.baralga.gui.dialogs,AddOrEditActivityDialog,actionPerformed,18,4,1
baralga,org.remast.baralga.gui.dialogs,AddOrEditActivityDialog,getDatePicker,6,2,0
baralga,org.remast.baralga.gui.dialogs,AddOrEditActivityDialog,getStartField,8,2,0
baralga,org.remast.baralga.gui.dialogs,AddOrEditActivityDialog,getEndField,8,2,0
baralga,org.remast.baralga.gui.dialogs,AddOrEditActivityDialog,validateFields,32,4,0
baralga,org.remast.baralga.gui.dialogs,AddOrEditActivityDialog,correctDates,4,1,0
baralga,org.remast.baralga.gui.dialogs.table,ProjectListTableFormat,ProjectListTableFormat,3,1,1
baralga,org.remast.baralga.gui.dialogs.table,ProjectListTableFormat,isEditable,3,1,2
baralga,org.remast.baralga.gui.dialogs.table,ProjectListTableFormat,setColumnValue,25,3,3
baralga,org.remast.baralga.gui.dialogs.table,ProjectListTableFormat,getColumnCount,3,1,0
baralga,org.remast.baralga.gui.dialogs.table,ProjectListTableFormat,getColumnName,10,3,1
baralga,org.remast.baralga.gui.dialogs.table,ProjectListTableFormat,getColumnValue,10,3,2
baralga,org.remast.baralga.gui.events,BaralgaEvent,BaralgaEvent,4,1,2
baralga,org.remast.baralga.gui.events,BaralgaEvent,canBeUndone,3,1,0
baralga,org.remast.baralga.gui.events,BaralgaEvent,getUndoText,28,5,0
baralga,org.remast.baralga.gui.events,BaralgaEvent,getRedoText,28,5,0
baralga,org.remast.baralga.gui.events,BaralgaEvent,toString,3,1,0
baralga,org.remast.baralga.gui.events,BaralgaEvent,getData,3,1,0
baralga,org.remast.baralga.gui.events,BaralgaEvent,setData,3,1,1
baralga,org.remast.baralga.gui.events,BaralgaEvent,getType,3,1,0
baralga,org.remast.baralga.gui.events,BaralgaEvent,getPropertyChangeEvent,3,1,0
baralga,org.remast.baralga.gui.events,BaralgaEvent,setPropertyChangeEvent,3,1,1
baralga,org.remast.baralga.gui.events,BaralgaEvent,getSource,3,1,0
baralga,org.remast.baralga.gui.events,BaralgaEvent,setSource,3,1,1
baralga,org.remast.baralga.model.io,SaveTimer,SaveTimer,3,1,1
baralga,org.remast.baralga.model.io,SaveTimer,run,8,1,0
baralga,org.remast.baralga.model.io,XmlDataReader,startElement,25,7,4
baralga,org.remast.baralga.model.io,XmlDataReader,endElement,20,7,3
baralga,org.remast.baralga.model.io,XmlDataReader,characters,9,2,3
baralga,org.remast.baralga.model.io,XmlDataReader,read,8,1,1
baralga,org.remast.baralga.model.io,XmlDataReader,read,10,1,1
baralga,org.remast.baralga.model.io,XmlDataReader,getProjects,3,1,0
baralga,org.remast.baralga.model.io,XmlDataReader,getActivities,3,1,0
baralga,org.remast.baralga.model.io,DataBackup,DataBackup,3,1,1
baralga,org.remast.baralga.model.io,DataBackup,createBackup,23,2,0
baralga,org.remast.baralga.model.io,DataBackup,cleanupBackupFiles,13,4,0
baralga,org.remast.baralga.model.io,DataBackup,getBackupFiles,25,4,0
baralga,org.remast.baralga.model.report,AccumulatedProjectActivity,AccumulatedProjectActivity,5,1,3
baralga,org.remast.baralga.model.report,AccumulatedProjectActivity,getDay,3,1,0
baralga,org.remast.baralga.model.report,AccumulatedProjectActivity,getDayDateTime,3,1,0
baralga,org.remast.baralga.model.report,AccumulatedProjectActivity,getProject,3,1,0
baralga,org.remast.baralga.model.report,AccumulatedProjectActivity,getTime,3,1,0
baralga,org.remast.baralga.model.report,AccumulatedProjectActivity,addTime,3,1,1
baralga,org.remast.baralga.model.report,AccumulatedProjectActivity,toString,3,1,0
baralga,org.remast.baralga.model.report,AccumulatedProjectActivity,equals,14,3,1
baralga,org.remast.baralga.model.report,AccumulatedProjectActivity,hashCode,3,1,0
baralga,org.remast.baralga.model.report,AccumulatedProjectActivity,compareTo,9,2,1
baralga,org.remast.baralga.model.report,AccumulatedActivitiesReport,AccumulatedActivitiesReport,6,1,2
baralga,org.remast.baralga.model.report,AccumulatedActivitiesReport,toString,7,2,0
baralga,org.remast.baralga.model.report,AccumulatedActivitiesReport,acummulateActivity,10,2,1
baralga,org.remast.baralga.model.report,AccumulatedActivitiesReport,accumulate,6,2,0
baralga,org.remast.baralga.model.report,AccumulatedActivitiesReport,getAccumulatedActivitiesByDay,3,1,0
baralga,org.remast.baralga.model.report,AccumulatedActivitiesReport,getFilter,3,1,0
baralga,org.remast.baralga.model.report,AccumulatedActivitiesReport,setFilter,4,1,1
baralga,org.remast.baralga.model.report,AccumulatedActivitiesReport,setData,4,1,1
baralga,org.remast.baralga.model.export,ICalExporter,export,27,3,3
baralga,org.remast.baralga.model.export,ICalExporter,isFullExport,3,1,0
baralga,org.remast.baralga.model.export,ExcelExporter,export,61,2,3
baralga,org.remast.baralga.model.export,ExcelExporter,init,15,1,1
baralga,org.remast.baralga.model.export,ExcelExporter,createFilteredReport,42,3,3
baralga,org.remast.baralga.model.export,ExcelExporter,isFullExport,3,1,0
baralga,org.remast.baralga.model.export,XmlExporter,export,52,4,3
baralga,org.remast.baralga.model.export,XmlExporter,isFullExport,3,1,0
baralga,org.remast.baralga.model.export,CsvExporter,export,11,2,3
baralga,org.remast.baralga.model.export,CsvExporter,makeCsvLine,15,2,1
baralga,org.remast.baralga.model.export,CsvExporter,isFullExport,3,1,0
baralga,org.remast.baralga.model.export,Exporter,export,0,1,3
baralga,org.remast.baralga.model.export,Exporter,isFullExport,0,1,0
baralga,org.jdesktop.swinghelper.tray,JXTrayIcon,popupMenuWillBecomeVisible,2,1,1
baralga,org.jdesktop.swinghelper.tray,JXTrayIcon,popupMenuWillBecomeInvisible,3,1,1
baralga,org.jdesktop.swinghelper.tray,JXTrayIcon,popupMenuCanceled,3,1,1
baralga,org.jdesktop.swinghelper.tray,JXTrayIcon,JXTrayIcon,12,1,1
baralga,org.jdesktop.swinghelper.tray,JXTrayIcon,mousePressed,3,1,1
baralga,org.jdesktop.swinghelper.tray,JXTrayIcon,mouseReleased,3,1,1
baralga,org.jdesktop.swinghelper.tray,JXTrayIcon,showJPopupMenu,9,2,1
baralga,org.jdesktop.swinghelper.tray,JXTrayIcon,getJPopupMenu,3,1,0
baralga,org.jdesktop.swinghelper.tray,JXTrayIcon,setJPopupMenu,7,2,1
baralga,org.jdesktop.swinghelper.tray,JXTrayIcon,createGui,10,1,0
baralga,org.jdesktop.swinghelper.tray,JXTrayIcon,main,4,1,1
baralga,org.jdesktop.swinghelper.tray,JXTrayIcon,createImage,8,1,0
baralga,org.jdesktop.swinghelper.tray,JXTrayIcon,createJPopupMenu,14,1,0
baralga,(default package),MavenWrapperDownloader,main,46,5,1
baralga,(default package),MavenWrapperDownloader,downloadFileFromURL,19,2,2
baralga,(default package),MavenWrapperDownloader,getPasswordAuthentication,3,1,0
